Name,Multi-Round Tournaments,Round 1,Round 2,Total
"ANTHIS, Larry",,,,
"BARNA, Kelly",,,,
"BARSTOW, Bill",,,,
"CALLAWAY, Rob",,,,
"CAMPOS, Roland",,,,
"CHESHIRE, Neil",,,,
"CLOER, Neal",,,,
"DEALY, Larry",,,,
"DORIS, Lisa",,,,
"ESTES, Ryan",,,,
"FEHLIS, Chuck",,,,
"FREUND, Mark",,,,
"GARCIA, Ismael",,,,
"HOGUE, Jay",,,,
"HORTON, Jay",,,,
"JACKMAN, Rich",,,,
"JENKINS, Julius",,,,
"JENKINS, Matt",,,,
"Keen, Justin",,,,
"KNOWLES, Taylor",,,,
"MARROQUIN, Scott",,,,
"McCONAHY, Todd",,,,
"MCKINLEY, Matt",,,,
"Moore, Colby",,,,
"MOORE, Dion",,,,
"NIESTER, Kerry",,,,
"PALACIOS, Richard",,,,
"POLLARD, Eric",,,,
"POLSON, Jon",,,,
"SHARITZ, Don",,,,
"STRAITON, Robert",,,,
"VASQUEZ, Gus",,,,
"WADE, John",,,,
"WADE, Mary",,,,
"WATSON, Tim",,,,
"WHITE, John",,,,
"WINTERS, Wade",,,,
"WUERDEMAN, Paul",,,,
"YOUNG, Jeff",,,,
